strategy,total_points,annual_points,total_return,cagr,annual_volatility,sharpe,sortino,calmar,max_drawdown,var_95_daily,cvar_95_daily,trades,trade_win_rate,avg_trade_return,avg_trade_points,exposure,score
Baseline Ito,40.183955000000196,9.918077042115621,0.012900046437183788,0.003168596580935601,0.1337381994406878,0.0911828023142083,0.08361354444505183,0.017145487469228143,-0.18480644464745832,-0.013006892847551632,-0.023724182881006965,32.0,0.3125,0.001300890032235387,1.2557485937500044,0.6601371204701273,0.09696016787116388
Optimized Ito,253.10813999999993,62.47135286973554,0.15694348192205432,0.03663651750449448,0.11512611002370955,0.37076627986111965,0.2919574088955026,0.1940721674812473,-0.1887778035355563,-0.00986014372145494,-0.02049321758141104,48.0,0.3958333333333333,0.0039828162777473764,5.273086249999995,0.5014691478942214,0.43631523360639274
Baseline MACD,618.8427850000002,152.7408245053869,0.48800590046872405,0.10306660379698096,0.11880613218700553,0.8854281830122189,0.8000586671056358,0.4818119777711053,-0.2139145736346656,-0.010720661467631176,-0.01991615425915634,36.0,0.5277777777777778,0.012317637344384172,17.19007736111112,0.545543584720862,1.0505850971029467
Optimized MACD,772.1170700000005,190.57150013712058,0.6647908729136709,0.1340580863148053,0.1196821309899671,1.1114408982732293,0.9999020606511867,0.6301880431528161,-0.21272711815367973,-0.010215235792019328,-0.020063588459742234,40.0,0.525,0.013922767201722521,19.30292675000001,0.5494613124387855,1.3273089284820352
Buy & Hold,579.277275000002,142.975390107738,0.4504208023305283,0.09612338870957493,0.19254680861098408,0.573517682120589,0.6779990989351147,0.31746860262907606,-0.3027807723773036,-0.018647999473545673,-0.031985852020033054,1.0,1.0,0.4504208023305283,579.277275000002,1.0,-0.8120170593487733
