strategy,total_points,annual_points,total_return,cagr,annual_volatility,sharpe,sortino,calmar,max_drawdown,var_95_daily,cvar_95_daily,trades,trade_win_rate,avg_trade_return,avg_trade_points,exposure,score
Baseline Ito,53.555489999999736,13.218397140058702,0.010870253514277062,0.0026720478474340226,0.13400604213700273,0.0875699386795248,0.0807341540465989,0.013158103951453958,-0.20307240749065247,-0.013006892847551632,-0.023675979018167058,35.0,0.34285714285714286,0.0012131893063425578,1.5301568571428452,0.6571988246816847,0.09205177943444778
Optimized Ito,31.63846499999965,7.8089061508324304,0.031798230095102964,0.007756064568995358,0.08880079464476798,0.13167072343379319,0.08367978961554008,0.06340093763401322,-0.12233359408291145,-0.007403359715146829,-0.015802318587208423,31.0,0.45161290322580644,0.0014231538653704363,1.02059564516128,0.25367286973555336,0.15224221763779622
Baseline MACD,618.8427850000002,152.7408245053869,0.48800590046872405,0.10306660379698096,0.11880613218700553,0.8854281830122189,0.8000586671056358,0.4818119777711053,-0.2139145736346656,-0.010720661467631176,-0.01991615425915634,36.0,0.5277777777777778,0.012317637344384172,17.19007736111112,0.545543584720862,1.0505850971029467
Optimized MACD,772.1170700000005,190.57150013712058,0.6647908729136709,0.1340580863148053,0.1196821309899671,1.1114408982732293,0.9999020606511867,0.6301880431528161,-0.21272711815367973,-0.010215235792019328,-0.020063588459742234,40.0,0.525,0.013922767201722521,19.30292675000001,0.5494613124387855,1.3273089284820352
Buy & Hold,579.277275000002,142.975390107738,0.4504208023305283,0.09612338870957493,0.19254680861098408,0.573517682120589,0.6779990989351147,0.31746860262907606,-0.3027807723773036,-0.018647999473545673,-0.031985852020033054,1.0,1.0,0.4504208023305283,579.277275000002,1.0,-0.8120170593487733
